{
  "swagger" : "2.0",
  "info" : {
    "description" : "",
    "version" : "112",
    "title" : "TNCdemoWJK"
  },
  "host" : "localhost:8080",
  "basePath" : "",
  "tags" : [ {
    "name" : "/Channels/HTTP",
    "description" : ""
  } ],
  "schemes" : [ "https", "http" ],
  "paths" : {
    "/Channels/HTTP/CalculateOffer" : {
      "get" : {
        "tags" : [ "/Channels/HTTP" ],
        "summary" : "",
        "consumes" : [ "application/xml" ],
        "produces" : [ "application/xml" ],
        "operationId" : "Channels_HTTP_CalculateOffer",
        "parameters" : [ {
          "in" : "query",
          "name" : "PNR",
          "type" : "string"
        }, {
          "in" : "query",
          "name" : "LastName",
          "type" : "string"
        }, {
          "in" : "query",
          "name" : "FirstName",
          "type" : "string"
        }, {
          "in" : "query",
          "name" : "loyaltyStatus",
          "type" : "string"
        }, {
          "in" : "query",
          "name" : "milesBalance",
          "type" : "string"
        }, {
          "in" : "query",
          "name" : "ffNumber",
          "type" : "string"
        }, {
          "in" : "query",
          "name" : "_extId_",
          "type" : "string"
        }, {
          "in" : "query",
          "name" : "_ns_",
          "type" : "string"
        }, {
          "in" : "query",
          "name" : "_nm_",
          "type" : "string"
        } ],
        "responses" : {
          "200" : {
            "description" : "200 success"
          },
          "400" : {
            "description" : "400 Bad Request"
          }
        }
      }
    }
  },
  "definitions" : { }
}
