<?xml version="1.0" encoding="UTF-8" standalone="yes"?>
<features xmlns="http://karaf.apache.org/xmlns/features/v1.5.0" name="395dde62-8e89-4543-a41a-4532e1ace7e1">
    <repository>mvn:org.apache.karaf.features/framework/4.2.0/xml/features</repository>
    <repository>mvn:org.apache.karaf.features/standard/4.2.0/xml/features</repository>
    <repository>mvn:com.tibco.tce/tce-cli-feature/2.0.1-SNAPSHOT/xml/features</repository>
    <feature name="029bf100-b4f1-4f6a-8f72-c0f293c8b923" version="0.0.0">
        <feature version="4.2.0" dependency="false">framework</feature>
        <feature version="4.2.0" dependency="false">standard</feature>
        <feature version="2.0.1.SNAPSHOT" dependency="false">tce-cli-feature</feature>
        <feature prerequisite="true">wrap</feature>
        <bundle>mvn:org.apache.aries.blueprint/blueprint-maven-plugin-annotation/1.3.0</bundle>
    </feature>
</features>
