<?xml version="1.0" encoding="UTF-8" standalone="yes"?>
<features xmlns="http://karaf.apache.org/xmlns/features/v1.5.0" name="tce-cli-feature">
    <feature name="tce-cli-feature" description="tce-cli-feature" version="2.0.1.SNAPSHOT">
        <feature prerequisite="true" dependency="false">wrap</feature>
        <bundle start-level="80">mvn:com.tibco.tce/tce-cli-commands/2.0.1-SNAPSHOT</bundle>
        <bundle start-level="80">mvn:org.apache.karaf.shell/org.apache.karaf.shell.core/4.2.0</bundle>
        <bundle start-level="80">mvn:org.apache.karaf.jaas/org.apache.karaf.jaas.boot/4.2.0</bundle>
        <bundle start-level="80">mvn:org.apache.sshd/sshd-core/1.7.0</bundle>
        <bundle start-level="80">mvn:org.apache.karaf.shell/org.apache.karaf.shell.console/4.2.0</bundle>
        <bundle start-level="80">mvn:org.fusesource.jansi/jansi/1.17</bundle>
        <bundle start-level="80">mvn:org.apache.karaf.jaas/org.apache.karaf.jaas.modules/4.2.0</bundle>
        <bundle start-level="80">mvn:org.apache.karaf.jaas/org.apache.karaf.jaas.config/4.2.0</bundle>
        <bundle start-level="80">wrap:mvn:com.tibco.tce/tce-cli-client/2.0.1-SNAPSHOT</bundle>
        <bundle start-level="80">mvn:io.swagger/swagger-annotations/1.5.15</bundle>
        <bundle start-level="80">wrap:mvn:org.springframework/spring-web/5.0.7.RELEASE</bundle>
        <bundle start-level="80">wrap:mvn:org.springframework/spring-beans/5.0.7.RELEASE</bundle>
        <bundle start-level="80">wrap:mvn:org.springframework/spring-core/5.0.7.RELEASE</bundle>
        <bundle start-level="80">wrap:mvn:org.springframework/spring-jcl/5.0.7.RELEASE</bundle>
        <bundle start-level="80">wrap:mvn:org.springframework/spring-context/5.0.7.RELEASE</bundle>
        <bundle start-level="80">wrap:mvn:org.springframework/spring-aop/5.0.7.RELEASE</bundle>
        <bundle start-level="80">wrap:mvn:org.springframework/spring-expression/5.0.7.RELEASE</bundle>
        <bundle start-level="80">mvn:com.fasterxml.jackson.core/jackson-core/2.9.5</bundle>
        <bundle start-level="80">mvn:com.fasterxml.jackson.core/jackson-annotations/2.9.5</bundle>
        <bundle start-level="80">mvn:com.fasterxml.jackson.core/jackson-databind/2.9.5</bundle>
        <bundle start-level="80">mvn:com.github.joschi.jackson/jackson-datatype-threetenbp/2.6.4</bundle>
        <bundle start-level="80">mvn:org.threeten/threetenbp/1.3.1</bundle>
        <bundle start-level="80">wrap:mvn:javax.inject/javax.inject/1</bundle>
        <bundle start-level="80">mvn:org.apache.aries.blueprint/blueprint-maven-plugin-annotation/1.3.0</bundle>
    </feature>
</features>
